{"_timestamp":1.744632698303497e+09,"_wandb":{"runtime":573},"_runtime":573.267064,"_step":2,"Average return":478.34}