{"Episodic return":-94,"_timestamp":1.744636750119091e+09,"_runtime":783.272706,"_step":339,"Average return":-99.57,"_wandb":{"runtime":783}}