{"_timestamp":1.744559604068393e+09,"_runtime":113.912574,"_step":7,"_wandb":{"runtime":113},"Average return":475.78}