{"Average return":477.01,"_timestamp":1.744559227625341e+09,"_runtime":123.043679,"_step":7,"_wandb":{"runtime":123}}