{"Average return":21.99,"_timestamp":1.7446098979542022e+09,"_runtime":30.91824,"_step":1482,"_wandb":{"runtime":30}}