{"Average return":200.15,"_timestamp":1.7445735850861409e+09,"_runtime":6376.672978,"_step":9,"_wandb":{"runtime":6449}}