{"_runtime":13.053037,"_step":670,"_wandb":{"runtime":13},"Average return":22.29,"_timestamp":1.744609523804543e+09}