{"_timestamp":1.744602782540401e+09,"_runtime":17.027381,"_step":599,"_wandb":{"runtime":17},"Average return":21.63}