{"_step":353,"Average return":480.9,"_wandb":{"runtime":878},"Episodic return":1000,"_timestamp":1.744643737098646e+09,"_runtime":878.068582}