{"_runtime":311.120184,"_wandb":{"runtime":394},"_step":1,"Average return":201.18,"_timestamp":1.744616999010905e+09}