{"_runtime":156.971014,"_step":9,"Average return":482.09,"_wandb":{"runtime":156},"_timestamp":1.74455868028837e+09}