{"_step":995,"Average return":132.24,"_wandb":{"runtime":985},"Episodic return":118,"_timestamp":1.744639773740182e+09,"_runtime":983.938722}