{"_step":331,"Average return":-99.86,"_wandb":{"runtime":215},"Episodic return":-82,"_timestamp":1.744637458077833e+09,"_runtime":215.86792}