{"_wandb":{"runtime":111},"_timestamp":1.744567129544333e+09,"_runtime":111.948252,"_step":99,"Average return":9.44}