{"_step":2014,"Average return":19.48,"_timestamp":1.7446027123890188e+09,"_runtime":53.852682,"_wandb":{"runtime":53}}