{"_timestamp":1.7446413745666938e+09,"_runtime":766.063572,"_step":453,"Average return":475.8,"_wandb":{"runtime":766},"Episodic return":1000}