{"_timestamp":1.744609661101883e+09,"_runtime":17.817079,"_wandb":{"runtime":17},"_step":947,"Average return":23.56}