{"_wandb":{"runtime":82},"Average return ":475.43,"_timestamp":1.744553150942532e+09,"_runtime":82.568737,"_step":5}