{"_runtime":7.173195,"_step":392,"_wandb":{"runtime":7},"Average return":18.8,"_timestamp":1.7446096813423529e+09}