{"_wandb":{"runtime":108},"_timestamp":1.7446110189279418e+09,"_runtime":108.840053,"_step":792,"Average return":481.99}