{"Average return":479.66,"_wandb":{"runtime":754},"_timestamp":1.7446425261134799e+09,"_runtime":754.130986,"_step":365,"Episodic return":1000}