{"_step":467,"Average return":476.27,"_wandb":{"runtime":948},"Episodic return":789,"_timestamp":1.744638675770947e+09,"_runtime":948.318661}