{"_runtime":606.593916,"_step":365,"Average return":-99.44,"_wandb":{"runtime":606},"Episodic return":-93,"_timestamp":1.744636875041894e+09}