{"_wandb":{"runtime":65},"Average return":21.49,"_timestamp":1.7446107475105548e+09,"_runtime":65.018161,"_step":2463}