{"Episodic return":-284,"_wandb":{"runtime":10},"_step":21,"Average return":-649.0909090909091,"_timestamp":1.7446543968970199e+09,"_runtime":10.359119}