{"_runtime":260.292144,"_step":14,"Average return":-99.98,"_timestamp":1.744558947999021e+09,"_wandb":{"runtime":260}}