{"Episodic return":42,"_timestamp":1.7446440087206972e+09,"_runtime":6.7171140000000005,"_step":69,"Average return":28.914285714285715,"_wandb":{"runtime":6}}