{"_wandb":{"runtime":106},"Average return":479.77,"_timestamp":1.744559347449048e+09,"_runtime":106.00025,"_step":7}