{"_runtime":230.411355,"_step":1,"Average return":105.62,"_wandb":{"runtime":261},"_timestamp":1.744633109505909e+09}