{"_wandb":{"runtime":9},"Average return":21.33,"_timestamp":1.744610861317226e+09,"_runtime":9.182598,"_step":303}