{"Average return":9.45,"_timestamp":1.7445672036861691e+09,"_runtime":69.385089,"_step":99,"_wandb":{"runtime":69}}