{"Average return":475.62,"_timestamp":1.744559482703734e+09,"_wandb":{"runtime":129},"_runtime":129.47077,"_step":8}