{"_step":2,"_wandb":{"runtime":3543},"Average return ":-1000,"_timestamp":1.744554088803817e+09,"_runtime":369.486235}