{"_runtime":951.084319,"_wandb":{"runtime":951},"_step":974,"Average return":-976.64,"_timestamp":1.744613790720959e+09}