{"_timestamp":1.744641662760839e+09,"_runtime":573.13779,"_step":609,"Average return":112.46,"_wandb":{"runtime":574},"Episodic return":106}