{"_wandb":{"runtime":253},"_timestamp":1.7445585176034439e+09,"_runtime":253.776115,"_step":13,"Average return":475.61}