{"Average return":125.54,"_wandb":{"runtime":1171},"Episodic return":124,"_timestamp":1.7446405933677802e+09,"_runtime":1170.762771,"_step":847}