{"_wandb":{"runtime":768},"_step":423,"Episodic return":-71,"_timestamp":1.7446355564097018e+09,"_runtime":768.273819,"Average return":-99.96}