{"_timestamp":1.7446145913188941e+09,"_runtime":176.697741,"_step":946,"_wandb":{"runtime":176},"Average return":-99.87}