{"Episodic return":25,"_wandb":{"runtime":87},"Average return":20.43,"_timestamp":1.744653998092723e+09,"_runtime":87.386047,"_step":6657}