{"Average return":480.09,"_wandb":{"runtime":729},"Episodic return":1000,"_timestamp":1.744638263182729e+09,"_runtime":729.361276,"_step":419}