{"_wandb":{"runtime":56},"_step":49,"Average return":9.31,"_timestamp":1.744565570080698e+09,"_runtime":56.17355}