{"_step":890,"Average return":22.12,"_timestamp":1.744610353338457e+09,"_runtime":20.028577,"_wandb":{"runtime":20}}