{"Average return":-99.99,"_wandb":{"runtime":519},"Episodic return":-64,"_timestamp":1.744633958276913e+09,"_runtime":519.072688,"_step":403}