{"_runtime":12.457524,"_step":523,"_wandb":{"runtime":12},"Average return":21.61,"_timestamp":1.744610377415197e+09}