{"_timestamp":1.744614371398674e+09,"_runtime":569.423028,"_step":539,"_wandb":{"runtime":570},"Average return":-1000}