{"_step":26,"Average return":477.81,"_timestamp":1.744564875943083e+09,"_runtime":156.173621,"_wandb":{"runtime":156}}