{"_timestamp":1.744567009646825e+09,"_runtime":1432.033584,"_step":3,"_wandb":{"runtime":1432},"Average return":477.16}