{"_step":1108,"_wandb":{"runtime":30},"Average return":21.3,"_timestamp":1.744609434494236e+09,"_runtime":30.507613}