{"_wandb":{"runtime":51},"Average return":20.71,"_timestamp":1.744611282690109e+09,"_runtime":51.911228,"_step":1964}