{"_runtime":29.56532,"_step":1282,"_wandb":{"runtime":29},"Average return":20.7,"_timestamp":1.744609841863192e+09}