{"_wandb":{"runtime":160},"Average return ":478.49,"_timestamp":1.744553054194239e+09,"_runtime":160.06585,"_step":7}