{"_wandb":{"runtime":97},"Average return ":476.49,"_timestamp":1.744558204071336e+09,"_runtime":97.903151,"_step":4}