{"_wandb":{"runtime":700},"Episodic return":1000,"_timestamp":1.744642155666434e+09,"_runtime":700.155396,"_step":317,"Average return":478.09}