{"_runtime":15.00603,"_step":798,"Average return":22.28,"_wandb":{"runtime":15},"_timestamp":1.744609704655398e+09}