{"Episodic return":-87,"_timestamp":1.744634297199306e+09,"_runtime":614.738354,"_step":413,"Average return":-99.71,"_wandb":{"runtime":614}}