{"Average return":-99.93,"_wandb":{"runtime":701},"_timestamp":1.7446346796507561e+09,"_runtime":701.546229,"_step":429,"Episodic return":-80}