{"_timestamp":1.7446405986206021e+09,"_runtime":810.691638,"Average return":477.08,"_wandb":{"runtime":810},"_step":391,"Episodic return":1000}