{"_runtime":11.009386,"Episodic return":28,"_wandb":{"runtime":11},"_step":419,"Average return":44.41,"_timestamp":1.744654291349976e+09}