{"_runtime":90.165915,"_step":6,"_wandb":{"runtime":90},"Average return":480.31,"_timestamp":1.7445649735373929e+09}