{"_runtime":637.519327,"Average return":-99.79,"_wandb":{"runtime":637},"_step":403,"Episodic return":-73,"_timestamp":1.744636249191342e+09}