{"_timestamp":1.7446351592957351e+09,"_runtime":805.062854,"_step":451,"Average return":-99.82,"_wandb":{"runtime":805},"Episodic return":-82}