{"_wandb":{"runtime":186},"Average return ":475.87,"_timestamp":1.744558092440042e+09,"_runtime":186.928153,"_step":11}