{"_wandb":{"runtime":630},"Episodic return":127,"_timestamp":1.7446428368049788e+09,"_runtime":629.705471,"_step":707,"Average return":132.46}