{"Average return":475.1,"_wandb":{"runtime":946},"_timestamp":1.7446438800682418e+09,"_runtime":946.086168,"_step":391,"Episodic return":1000}