{"_runtime":87.915831,"Average return":-833.9411764705883,"_wandb":{"runtime":88},"_step":33,"Episodic return":-464,"_timestamp":1.744633380012025e+09}