{"_runtime":1085.179329,"_step":7,"_wandb":{"runtime":1183},"Average return":9.42,"_timestamp":1.7446303890593631e+09}