{"_timestamp":1.744635864468993e+09,"_runtime":556.459886,"_step":387,"Episodic return":-69,"Average return":-99.64,"_wandb":{"runtime":556}}