{"_runtime":143.527463,"_step":8,"_wandb":{"runtime":143},"Average return":-99.72,"_timestamp":1.744559100068927e+09}