{"Average return":-889.25,"_timestamp":1.744612827033979e+09,"_runtime":486.227459,"_step":499,"_wandb":{"runtime":487}}