{"_wandb":{"runtime":8},"_runtime":8.466183000000001,"_step":264,"Average return":20.66,"_timestamp":1.744610424173036e+09}