{"Average return":136.66,"_timestamp":1.744631977729609e+09,"_runtime":174.138152,"_step":1,"_wandb":{"runtime":209}}